"geneNames.as.numeric.rownames.res1..1.l1...","res1.adj.P.Val.1.l1."
"SLC35F6",0.040499078403724
"CSNK2A2",0.040499078403724
"SERINC2",0.040499078403724
"CMTM7",0.040499078403724
"SERGEF",0.040499078403724
"SLC39A1",0.0499451160840693
"STUB1",0.040499078403724
"CDCA8",0.040499078403724
"IMAGE:3902586",0.040499078403724
"IGFBP7",0.0451949838240238
"NOCT",0.0692203896307414
