"geneNames.as.numeric.rownames.res2_1..1.l2_1...","res2_1.adj.P.Val.1.l2_1."
"TVP23C",0.00176426095815412
"BI052176",0.00681574865559998
"TMEM161B-AS1",0.00734825055667459
"MIR34A",0.0081766155313121
"TRIM2",0.0176924388783167
"TBX3",0.0182528802887082
"GRIN1",0.0182528802887082
