"geneNames.as.numeric.rownames.res_coef4..1.l4...","res_coef4.adj.P.Val.1.l4."
"BC009643",0.00344735748110975
"LINC01049",0.0215517884520813
"CASZ1",0.0278228951946508
"KMT2A",0.0294114534430654
