"geneNames.as.numeric.rownames.res2_3..1.l2_3...","res2_3.adj.P.Val.1.l2_3."
"XIST",9.23943548494113e-13
"RPS4Y1",9.23943548494113e-13
"USP9Y",1.43772309704715e-07
"DDX3Y",0.000585317134119543
"TTTY14",0.000585317134119543
"BC022384",0.00803959957954067
"TTTY15",0.0295672972390944
"FRA10AC1",0.0389735610842523
