"geneNames.as.numeric.rownames.res_coef2..1.l2...","res_coef2.adj.P.Val.1.l2."
"DDX3Y",1.21693960913644e-07
"XIST",2.27524836601723e-06
"RPS4Y1",7.20154559312624e-11
"NDUFS7",0.0425520840086964
"USP9Y",0.0524490743198264
