"geneNames.as.numeric.rownames.res_coef1..1.l1...","res_coef1.adj.P.Val.1.l1."
"EIF1AY",2.14110543038801e-08
"RPS4Y1",2.14110543038801e-08
"XIST",1.69026377127318e-06
"DDX3Y",4.1899435560017e-06
"USP9Y",2.51320296953745e-05
"NLGN4Y",4.17714446947871e-05
"KDM5D",0.00052848609401721
"TXLNGY",0.000711630490450501
"TTTY15",0.000793856282199213
"ZFY",0.00704847228293492
"ZFX",0.0161274964999272
