"geneNames.as.numeric.rownames.res_coef2..1.l2...","res_coef2.adj.P.Val.1.l2."
"RPS4Y1",1.89249237699913e-20
"DDX3Y",1.03068646698011e-17
"UTY",1.03068646698011e-17
"EIF1AY",1.03068646698011e-17
"ZFY",2.96453886315921e-15
"KDM5D",1.03102017959733e-13
"USP9Y",5.00065910804422e-12
"DAZ4",9.31346108019318e-05
"RPS4Y2",0.00793805057809968
"KDM5C",0.0105721135148082
"CDSN",0.0105721135148082
"TXLNGY",0.0347486313469273
"ZNF729",0.0444104046625395
