"geneNames.as.numeric.rownames.res_coef4..1.l4...","res_coef4.adj.P.Val.1.l4."
"XIST",8.08961954601099e-06
"RPS4Y1",1.04446523936612e-13
"UTY",0.000223608253956625
"KDM5D",0.013248170020174
"DDX3Y",0.000140008927512611
"USP9Y",0.0382154605740325
