"geneNames.as.numeric.rownames.res1..1.l1...","res1.adj.P.Val.1.l1."
"KDM5D",0.00617413457537231
"RPS4Y1",0.00617413457537231
"P3H4",0.0333805166422049
