"geneNames.as.numeric.rownames.res1..1.l1...","res1.adj.P.Val.1.l1."
"PYY",0.0240331404419952
"PHLDA1",0.0466681537709613
"SCGB2A1",0.0466681537709613
