"geneNames.as.numeric.rownames.res_coef2..1.l2...","res_coef2.adj.P.Val.1.l2."
"GH1",0.00221398947880614
"SOX6",0.00762460872066083
"GH2",0.0083215540393299
