"geneNames.as.numeric.rownames.res_coef1..1.l1...","res_coef1.adj.P.Val.1.l1."
"XIST",5.04997224374309e-06
"DDX3Y",5.04997224374309e-06
"USP9Y",0.000635551432075379
"BAAT",0.0012451614146102
"EIF1AY",0.00226313250810727
"KDM5D",0.00959292827290553
"UTY",0.0244721331200978
