"geneNames.as.numeric.rownames.res2_1..1.l2_1...","res2_1.adj.P.Val.1.l2_1."
"RPS4Y1",0.011611721015283
"M6PR",0.0118247350036241
"XIST",0.0176404275651058
