"geneNames.as.numeric.rownames.res_coef3..1.l3...","res_coef3.adj.P.Val.1.l3."
"RPS4Y1",5.87799544980698e-26
"EIF1AY",1.587997793409e-19
"CYORF15A",2.07549818921681e-19
"KDM5D",3.36146255248026e-14
"UTY",5.48287092533971e-08
"TMSB4Y",1.97648754214926e-05
"CYORF15B",7.86248629419632e-05
"PRKY",0.000385221131586372
