"geneNames.as.numeric.rownames.res2_2..1.l2_2...","res2_2.adj.P.Val.1.l2_2."
"RPS4Y1",6.35820552006717e-12
"XIST",1.59587077426517e-11
"USP9Y",6.83778864983229e-08
"TTTY14",0.000130617731541802
"DDX3Y",0.000946446335256477
