"geneNames.as.numeric.rownames.res1..1.l1...","res1.adj.P.Val.1.l1."
"NBR1",0.0177083781699109
"SLC35F6",0.0177083781699109
"CMTM7",0.0177083781699109
"SERGEF",0.0177083781699109
"STUB1",0.0285328746490133
"SERINC2",0.0989318272742671
"MED16",0.043509055409039
