"geneNames.as.numeric.rownames.res_coef1..1.l1...","res_coef1.adj.P.Val.1.l1."
"SLC6A8",0.0304184576960439
"SLC6A10PB",0.0304184576960439
"AL390143",0.0304184576960439
